id,name,email,age,city
1,권하준,권하준1@daum.net,42,서울
2,김유준,김유준2@nate.com,32,전남
3,강정우,강정우3@nate.com,29,대구
4,권예은,권예은4@yahoo.com,34,경기
5,이민수,이민수5@naver.com,32,경기
6,홍하준,홍하준6@yahoo.com,48,대구
7,권은우,권은우7@daum.net,27,경북
8,최정우,최정우8@hanmail.net,24,서울
9,임준우,임준우9@nate.com,27,세종
10,안유나,안유나10@yahoo.com,56,대구
11,장진우,장진우11@gmail.com,21,경북
12,오지유,오지유12@hanmail.net,56,제주
13,신은우,신은우13@yahoo.com,21,울산
14,윤도윤,윤도윤14@nate.com,39,경기
15,임준서,임준서15@hanmail.net,23,인천
16,조하준,조하준16@yahoo.com,40,전남
17,김소율,김소율17@daum.net,20,인천
18,오소율,오소율18@daum.net,47,인천
19,강준우,강준우19@hanmail.net,29,경기
20,한소율,한소율20@hanmail.net,40,충남
21,한하준,한하준21@hanmail.net,59,광주
22,송도윤,송도윤22@daum.net,27,충남
23,조채원,조채원23@gmail.com,22,대구
24,이채원,이채원24@naver.com,46,전북
25,전준우,전준우25@hanmail.net,30,경기
26,윤하윤,윤하윤26@yahoo.com,43,경남
27,전지유,전지유27@daum.net,43,대구
28,송하은,송하은28@gmail.com,52,제주
29,오민준,오민준29@nate.com,56,세종
30,권서연,권서연30@nate.com,33,충북
31,안서윤,안서윤31@hanmail.net,34,인천
32,최서현,최서현32@daum.net,56,전북
33,신지우,신지우33@nate.com,24,경기
34,오도윤,오도윤34@yahoo.com,52,전북
35,한민수,한민수35@gmail.com,40,충북
36,정하준,정하준36@yahoo.com,44,대구
37,김지현,김지현37@naver.com,40,인천
38,홍주원,홍주원38@yahoo.com,51,강원
39,최준서,최준서39@naver.com,56,전남
40,박다은,박다은40@naver.com,27,전북
41,오하윤,오하윤41@daum.net,21,충북
42,임소율,임소율42@nate.com,57,경기
43,전시연,전시연43@naver.com,50,전남
44,강준우,강준우44@naver.com,47,강원
45,신다은,신다은45@nate.com,56,세종
46,정다은,정다은46@yahoo.com,26,인천
47,권지우,권지우47@hanmail.net,56,강원
48,김하준,김하준48@hanmail.net,53,경기
49,박건후,박건후49@nate.com,34,전북
50,최다은,최다은50@daum.net,20,제주
51,서시우,서시우51@hanmail.net,39,대전
52,안준서,안준서52@naver.com,48,서울
53,박준우,박준우53@yahoo.com,37,경북
54,서지우,서지우54@yahoo.com,34,충북
55,오주원,오주원55@gmail.com,50,대전
56,오소율,오소율56@nate.com,47,광주
57,오현우,오현우57@naver.com,24,대전
58,윤지우,윤지우58@yahoo.com,53,강원
59,신예준,신예준59@nate.com,51,경남
60,권시우,권시우60@gmail.com,48,충북
61,강서준,강서준61@hanmail.net,22,부산
62,장서연,장서연62@hanmail.net,57,충남
63,권시우,권시우63@hanmail.net,22,충남
64,신도윤,신도윤64@naver.com,23,경기
65,박도윤,박도윤65@yahoo.com,52,광주
66,김준서,김준서66@naver.com,21,부산
67,한시우,한시우67@nate.com,32,서울
68,박민준,박민준68@naver.com,22,대구
69,강은우,강은우69@naver.com,31,인천
70,이시연,이시연70@naver.com,35,경기
71,오지현,오지현71@hanmail.net,30,강원
72,오지유,오지유72@naver.com,43,부산
73,조하준,조하준73@nate.com,41,부산
74,윤유나,윤유나74@nate.com,34,전남
75,권채원,권채원75@daum.net,40,세종
76,전민준,전민준76@gmail.com,50,전남
77,한지현,한지현77@naver.com,27,경기
78,조유준,조유준78@gmail.com,24,경북
79,강정우,강정우79@hanmail.net,42,충남
80,최예은,최예은80@yahoo.com,41,인천
81,이지유,이지유81@gmail.com,30,충남
82,신예준,신예준82@yahoo.com,47,경남
83,김주원,김주원83@nate.com,52,서울
84,윤주원,윤주원84@nate.com,28,경남
85,최은우,최은우85@gmail.com,34,경남
86,오다은,오다은86@nate.com,26,광주
87,홍다은,홍다은87@daum.net,39,충남
88,강지유,강지유88@nate.com,27,충북
89,정민준,정민준89@yahoo.com,25,세종
90,박예은,박예은90@daum.net,42,충북
91,강도윤,강도윤91@hanmail.net,35,전남
92,정다은,정다은92@nate.com,45,인천
93,박지우,박지우93@hanmail.net,43,충북
94,권진우,권진우94@nate.com,52,전남
95,박소율,박소율95@daum.net,41,부산
96,임현우,임현우96@hanmail.net,45,충남
97,권시연,권시연97@naver.com,47,부산
98,한정우,한정우98@daum.net,27,경남
99,신소율,신소율99@yahoo.com,29,인천
100,최시연,최시연100@hanmail.net,28,강원